1;Popescu;Ana;popescuana@email.com
2;Ilean;Diana;ileandana@email.com
3;Mostaf;Dan;moustafdan@email.com
4;Enescu;Dana;enescudana@email.com
5;Popa;Mirela;popamirela@email.com
6;Dumitrescu;George;dumitrescugeorge@email.com
8;Pop;Mihail;popmihail@email.com
9;Morgan;Luana;morganluana@email.com
